City,Cloudiness,Country,Date,Humidity,Lat,Lng,Max Temp,Wind Speed
Rikitea,12,PF,1545509406,100,-23.12,-134.97,78.34,17.67
Cabo San Lucas,40,MX,1545507660,57,22.89,-109.91,78.8,4.7
Mataura,0,NZ,1545509406,81,-46.19,168.86,54.62,4.59
Qaanaaq,0,GL,1545509406,74,77.48,-69.36,-17.52,4.59
Upernavik,32,GL,1545509406,100,72.79,-56.15,-2.44,10.4
Puerto Ayora,75,EC,1545505200,74,-0.74,-90.35,80.6,14.99
Yellowknife,90,CA,1545506520,84,62.45,-114.38,-2.21,5.82
Berlevag,48,NO,1545509407,100,70.86,29.09,5.75,7.05
Nago,24,IT,1545506400,78,45.88,10.89,37.4,3.36
East London,80,ZA,1545509269,99,-33.02,27.91,74.6,20.8
Basoko,80,CD,1545509407,54,1.23,23.61,81.26,4.14
Kodiak,75,US,1545508500,56,39.95,-94.76,45.14,17.22
Dikson,80,RU,1545509407,99,73.51,80.55,1.93,34.78
Taltal,0,CL,1545509407,67,-25.41,-70.49,69.2,3.69
Lompoc,1,US,1545507300,76,34.64,-120.46,64.04,4.7
Camopi,100,GF,1545509408,96,3.17,-52.33,73.39,2.57
Ushuaia,75,AR,1545505200,71,-54.81,-68.31,53.6,41.38
Bredasdorp,0,ZA,1545505200,83,-34.53,20.04,71.6,3.36
Provideniya,32,RU,1545509408,100,64.42,-173.23,3.86,6.93
Chokurdakh,32,RU,1545509408,72,70.62,147.9,-36.51,3.02
Los Llanos de Aridane,0,ES,1545507000,45,28.66,-17.92,68.0,4.7
Longyearbyen,90,NO,1545506400,92,78.22,15.63,26.6,26.4
Hobyo,44,SO,1545509409,85,5.35,48.53,77.44,18.23
Ayan,0,TR,1545509409,74,40.67,33.6,19.52,1.9
New Bern,1,US,1545508560,51,35.11,-77.04,59.0,14.99
Punta Arenas,40,CL,1545505200,50,-53.16,-70.91,55.4,32.21
Busselton,0,AU,1545509409,100,-33.64,115.35,64.25,15.66
Batagay-Alyta,24,RU,1545509409,0,67.8,130.41,-49.92,3.24
Hermanus,8,ZA,1545509409,93,-34.42,19.24,61.01,2.91
Laguna,75,MX,1545508140,21,27.52,-110.01,82.4,8.05
Bambous Virieux,75,MU,1545505200,78,-20.34,57.76,78.8,17.22
Cherskiy,68,RU,1545509410,43,68.75,161.3,-27.28,3.91
Rocha,88,UY,1545509410,81,-34.48,-54.34,69.97,8.95
Independencia,0,MX,1545509411,38,20.06,-97.05,70.24,2.57
Santa Cruz del Norte,20,CU,1545508500,49,23.15,-81.92,75.2,6.93
Pangnirtung,90,CA,1545505200,65,66.15,-65.72,5.0,14.99
Melfi,90,IT,1545504900,86,41.0,15.66,39.2,23.04
Auch,90,FR,1545507000,87,43.65,0.59,57.2,5.82
Komsomolskiy,56,RU,1545509411,71,67.55,63.78,-10.36,15.99
Pevek,32,RU,1545509411,100,69.7,170.27,-22.6,1.68
Bluff,100,AU,1545509412,96,-23.58,149.07,72.89,8.05
Atuona,48,PF,1545509412,100,-9.8,-139.03,78.2,14.32
Atambua,88,ID,1545509412,100,-9.11,124.89,75.73,4.7
Buraydah,0,SA,1545505200,76,26.33,43.97,55.4,3.36
Kapaa,1,US,1545508560,71,22.08,-159.32,78.08,12.75
Acapulco,5,MX,1545507780,62,16.86,-99.88,84.2,8.05
Padang,88,ID,1545509186,100,-0.92,100.36,76.9,5.59
Natal,40,BR,1545505200,62,-5.81,-35.21,86.0,18.34
Thompson,90,CA,1545505200,84,55.74,-97.86,1.4,10.29
Cape Town,20,ZA,1545505200,88,-33.93,18.42,69.8,14.99
Saint George,40,GR,1545504600,100,39.45,22.34,44.6,2.91
Georgetown,75,GY,1545505200,69,6.8,-58.16,82.4,11.41
Mantamados,0,GR,1545508200,76,39.31,26.33,51.8,9.17
Port Alfred,44,ZA,1545509414,86,-33.59,26.89,74.29,13.53
Lorengau,76,PG,1545509414,100,-2.02,147.27,84.55,9.17
Aklavik,90,CA,1545507300,83,68.22,-135.01,-4.01,3.36
Geraldton,75,CA,1545505200,77,49.72,-86.95,-0.41,2.24
Zhaoyuan,0,CN,1545509414,41,45.52,125.08,1.16,10.96
Arraial do Cabo,0,BR,1545505200,62,-22.97,-42.02,91.4,11.41
Saint-Georges,88,CA,1545509475,82,46.12,-70.67,32.3,11.41
Esperance,20,TT,1545505200,58,10.24,-61.45,86.0,13.87
Mar del Plata,12,AR,1545509475,28,-46.43,-67.52,79.42,20.02
Ancud,90,CL,1545505200,76,-41.87,-73.83,57.2,6.93
Adrar,0,DZ,1545505200,31,27.87,-0.29,64.4,16.11
Shenxian,12,CN,1545509476,74,36.24,115.67,30.82,13.98
Lebu,40,ET,1545505200,71,8.96,38.73,57.2,9.17
Kaitong,0,CN,1545509476,26,44.81,123.15,5.12,12.41
Anadyr,40,RU,1545505200,76,64.73,177.51,-9.41,6.71
Amapa,40,HN,1545508800,65,15.09,-87.97,77.0,11.41
Ossora,24,RU,1545509476,93,59.24,163.07,3.14,6.6
Hilo,90,US,1545504780,75,19.71,-155.08,71.06,10.63
Albany,90,US,1545508560,72,42.65,-73.75,35.06,20.8
Port Hedland,0,AU,1545507000,78,-20.31,118.58,77.0,4.7
Gamba,0,CN,1545509477,19,28.28,88.52,-23.01,1.9
Butaritari,68,KI,1545509477,100,3.07,172.79,81.71,4.7
Canon City,20,US,1545509477,35,39.46,-117.13,40.85,3.58
Tinskoy,68,RU,1545509478,67,56.15,96.92,9.67,6.71
Acajutla,0,SV,1545508200,32,13.59,-89.83,82.4,4.7
Ponta do Sol,44,BR,1545509478,64,-20.63,-46.0,80.95,7.61
Vicente Guerrero,20,MX,1545507780,19,16.93,-96.7,75.2,5.82
Southbridge,75,US,1545508560,69,42.08,-72.03,39.92,13.87
Xuchang,0,CN,1545505200,64,34.03,113.82,35.6,4.47
Hovd,75,NO,1545508200,63,63.83,10.7,30.2,10.29
Suhut,32,TR,1545509479,72,38.53,30.55,20.2,2.57
Melito di Porto Salvo,20,IT,1545504900,71,37.92,15.77,57.2,12.75
Praia,75,BR,1545505200,53,-20.25,-43.81,77.0,14.99
Saraj,90,MK,1545508800,92,42.0,21.33,41.0,1.12
Mizdah,20,LY,1545509479,91,31.45,12.98,41.3,3.91
Vaini,64,IN,1545509480,81,15.34,74.49,72.17,3.58
Jamestown,0,AU,1545509341,67,-33.21,138.6,55.25,6.04
Bentong,75,MY,1545505200,88,3.52,101.91,78.8,1.9
Piquete,40,BR,1545505200,61,-22.61,-45.18,80.6,1.12
Sisimiut,92,GL,1545509480,100,66.94,-53.67,19.39,1.79
Country Club,20,BR,1545505200,48,-23.02,-47.01,86.0,19.46
Kampene,68,CD,1545509481,88,-3.59,26.67,71.05,2.01
Tuktoyaktuk,90,CA,1545505200,84,69.44,-133.03,1.4,3.36
Hithadhoo,0,MV,1545509481,100,-0.6,73.08,82.34,8.72
Port Hardy,90,CA,1545505200,86,50.7,-127.42,39.2,35.57
Mount Isa,0,AU,1545507000,12,-20.73,139.49,80.6,14.99
Luena,20,AO,1545509481,97,-11.78,19.91,61.42,2.68
Barra do Garcas,0,BR,1545509481,72,-15.89,-52.26,88.42,0.34
Warrnambool,0,AU,1545509305,100,-38.38,142.48,56.42,7.94
Huarmey,24,PE,1545509482,57,-10.07,-78.15,77.44,4.03
Bethel,90,US,1545509280,84,60.79,-161.76,-0.41,10.29
Codrington,8,AU,1545505200,77,-28.95,153.24,62.6,3.36
New Norfolk,75,AU,1545507000,58,-42.78,147.06,57.2,10.29
Tiznit,0,MA,1545509483,88,29.7,-9.73,57.55,0.78
Kysyl-Syr,20,RU,1545509483,47,63.9,122.77,-29.22,5.48
Kenora,90,CA,1545507300,85,49.76,-94.48,21.2,8.05
Jales,24,BR,1545509483,65,-20.27,-50.55,87.47,5.37
Kraslava,92,LV,1545509483,94,55.9,27.16,28.97,8.95
Tamahu,8,GT,1545509483,53,15.33,-90.17,71.0,2.57
Havre-Saint-Pierre,90,CA,1545507720,100,50.23,-63.6,44.6,11.41
Hornepayne,36,CA,1545509484,60,49.22,-84.78,4.4,3.69
Helong,56,CN,1545509484,95,25.94,116.13,55.52,4.14
Bouna,0,CI,1545509484,42,9.27,-3.0,72.4,4.92
Inhambane,0,MZ,1545509484,98,-23.87,35.38,74.51,8.39
Alofi,68,NU,1545505200,83,-19.06,-169.92,82.4,17.22
Victoria,75,BN,1545507000,94,5.28,115.24,77.0,3.13
Sidney,90,US,1545507300,66,47.72,-104.16,33.08,25.28
Muli,0,IN,1545509545,77,22.62,71.45,49.31,2.8
Osa,48,RU,1545509545,86,57.28,55.46,2.51,3.13
Haines Junction,48,CA,1545509546,81,60.75,-137.51,-1.32,2.35
Finschhafen,92,PG,1545509546,99,-6.6,147.85,72.22,2.24
Pisco,0,PE,1545505200,30,-13.71,-76.2,71.6,9.17
Saint-Augustin,90,FR,1545507000,100,44.83,-0.61,57.2,8.05
Ozernovskiy,8,RU,1545509546,94,51.5,156.52,14.17,4.14
Kafue,44,ZM,1545509546,87,-15.74,28.18,69.07,11.3
Dingle,92,PH,1545509547,99,11.0,122.67,72.8,2.57
Carnarvon,0,ZA,1545509547,20,-30.97,22.13,74.15,12.41
Bintulu,75,MY,1545505200,100,3.17,113.03,73.4,5.82
Waddan,0,LY,1545509547,82,29.16,16.14,37.25,5.03
Sananduva,92,BR,1545509547,100,-27.95,-51.81,67.85,4.7
Santa Cruz Cabralia,20,BR,1545508800,58,-16.28,-39.02,82.4,19.46
Gwanda,0,ZW,1545509547,73,-20.94,29.0,71.59,10.4
Tasiilaq,32,GL,1545508200,73,65.61,-37.64,24.8,1.12
Marsh Harbour,0,BS,1545509548,100,26.54,-77.06,70.64,12.97
Urdoma,56,RU,1545509548,75,61.74,48.55,-3.12,4.92
Roald,75,NO,1545508200,93,62.58,6.12,37.4,10.29
Bambui,0,CM,1545509548,66,6.01,10.23,55.84,2.57
Hobart,75,AU,1545507000,58,-42.88,147.33,57.2,10.29
Raudeberg,92,NO,1545508200,100,61.99,5.14,35.6,9.17
Kaitangata,0,NZ,1545509548,81,-46.28,169.85,53.77,4.59
Santa Cruz do Rio Pardo,32,BR,1545509549,54,-22.91,-49.63,87.02,3.91
Port Elizabeth,40,US,1545508560,57,39.31,-74.98,49.64,13.87
Narsaq,88,GL,1545509549,78,60.91,-46.05,17.59,2.57
Kutum,12,SD,1545509550,33,14.2,24.66,50.17,11.41
Skjold,40,NO,1545508200,80,60.31,5.33,35.6,6.93
Nikolskoye,75,RU,1545507000,85,59.7,30.79,15.8,11.18
Miri,0,NG,1545509550,62,10.31,9.75,57.05,3.8
Zhigansk,8,RU,1545509550,71,66.77,123.37,-36.37,6.6
General Roca,0,AR,1545508800,10,-39.03,-67.58,93.2,6.93
Saint Anthony,90,US,1545508560,65,43.97,-111.68,24.98,7.16
Jawhar,0,IN,1545509551,84,19.91,73.23,57.1,2.68
Constitucion,5,MX,1545507660,11,23.99,-104.67,69.8,4.14
Dubuque,90,US,1545508500,88,42.5,-90.66,30.2,4.36
Rock Island,90,US,1545508560,72,41.51,-90.58,41.0,11.41
Boyolangu,56,ID,1545509551,95,-8.09,111.9,70.78,4.92
Boditi,48,ET,1545509552,53,6.95,37.86,59.62,3.24
Broome,20,GB,1545508560,93,52.47,1.45,44.6,8.05
Naze,80,NG,1545509552,46,5.43,7.07,85.18,3.13
Ukhta,68,RU,1545509552,83,63.56,53.68,3.55,4.03
Bahia de Caraquez,75,EC,1545508800,78,-0.6,-80.42,82.4,8.05
Dzemul,20,MX,1545508140,31,21.21,-89.31,78.8,4.7
Yulara,0,AU,1545505200,21,-25.24,130.99,69.8,9.17
Grand Gaube,75,MU,1545508800,83,-20.01,57.66,78.8,17.22
Bambanglipuro,92,ID,1545509553,100,-7.95,110.28,71.23,3.69
Lucapa,88,AO,1545509553,98,-8.42,20.74,67.04,3.91
Norman Wells,20,CA,1545505200,75,65.28,-126.83,-18.41,3.36
Tiksi,0,RU,1545509553,56,71.64,128.87,-32.37,10.4
Carazinho,92,BR,1545509554,100,-28.3,-52.79,68.66,5.48
Saint-Philippe,90,CA,1545508260,74,45.36,-73.48,30.2,23.04
Vestmanna,56,FO,1545508200,80,62.16,-7.17,41.0,6.93
Verkhoyansk,8,RU,1545509554,0,67.55,133.39,-51.85,2.57
Saskylakh,36,RU,1545509554,79,71.97,114.09,-38.35,8.39
Klaksvik,24,FO,1545508200,80,62.23,-6.59,41.0,6.93
Vangaindrano,80,MG,1545509555,85,-23.35,47.6,70.1,5.82
Beyneu,32,KZ,1545509615,64,45.32,55.19,9.67,8.39
Ilulissat,90,GL,1545508200,92,69.22,-51.1,21.2,3.36
Maua,12,KE,1545509615,87,0.23,37.94,60.92,2.35
Shimoda,8,JP,1545509615,100,34.7,138.93,57.37,14.99
Itoman,75,JP,1545508800,83,26.12,127.67,69.8,3.36
Sironko,64,UG,1545509615,89,1.23,34.25,61.64,2.01
Togur,44,RU,1545509616,78,58.36,82.83,-3.84,11.18
Santo Andre,68,BR,1545509616,93,-0.91,-46.86,76.49,5.03
Catuday,44,PH,1545509616,98,16.29,119.81,79.64,5.14
Semey,12,KZ,1545509616,65,50.41,80.25,-14.64,4.92
Coruripe,32,BR,1545509616,94,-10.12,-36.18,80.54,12.64
Manuk Mangkaw,76,PH,1545509617,100,4.8,119.85,80.95,10.74
Elizabeth City,1,US,1545508800,48,36.3,-76.22,56.12,12.75
Talnakh,64,RU,1545509617,62,69.49,88.39,-34.12,3.13
Sobolevo,92,RU,1545509617,92,54.43,31.9,29.38,17.45
Luderitz,0,NA,1545509617,65,-26.65,15.16,63.67,20.47
Airai,88,TL,1545509617,95,-8.93,125.41,70.24,1.57
Uvira,92,CD,1545509617,100,-3.41,29.14,62.27,1.34
Chapais,90,CA,1545507900,85,49.78,-74.86,15.8,18.34
Ostrovnoy,8,RU,1545509618,86,68.05,39.51,6.7,12.86
Balabac,44,PH,1545509618,100,7.99,117.06,80.54,5.14
Barrow,0,AR,1545509618,44,-38.31,-60.23,83.29,4.92
Camacupa,76,AO,1545509618,96,-12.02,17.48,63.89,3.58
Torbay,90,CA,1545505200,95,47.66,-52.73,35.6,19.46
Baykit,0,RU,1545509619,0,61.68,96.39,-43.75,4.14
San Policarpo,92,PH,1545509619,100,12.18,125.51,77.21,8.95
Mount Gambier,0,AU,1545505200,93,-37.83,140.78,42.8,3.36
Abramovka,88,RU,1545509619,91,51.19,41.01,22.31,7.05
Nome,1,US,1545508500,51,30.04,-94.42,75.56,13.87
Castro,90,CL,1545508800,76,-42.48,-73.76,57.2,5.82
Beruwala,64,LK,1545509620,100,6.48,79.98,79.24,9.62
Tabou,0,CI,1545509620,100,4.42,-7.36,81.62,6.38
Moorhead,40,US,1545508500,69,46.87,-96.75,32.0,17.22
Waipawa,76,NZ,1545509620,86,-39.94,176.59,61.1,3.69
Port Macquarie,44,AU,1545505200,82,-31.43,152.91,60.8,8.05
Beroroha,0,MG,1545509621,94,-21.68,45.17,70.24,3.24
Stepnyak,88,KZ,1545509621,71,52.83,70.79,0.8,8.61
Sitka,0,US,1545509621,35,37.17,-99.65,53.81,6.93
Hambantota,88,LK,1545509621,100,6.12,81.12,77.8,5.14
Ghanzi,48,BW,1545509621,31,-21.7,21.65,81.94,10.29
Quesnel,75,CA,1545505200,85,52.98,-122.49,17.6,6.15
Port Blair,36,IN,1545509622,100,11.67,92.75,82.25,10.29
Lakhimpur,0,IN,1545509622,80,27.24,94.1,53.68,4.47
Preobrazheniye,80,RU,1545509622,83,42.9,133.91,17.81,2.46
Tual,64,ID,1545509622,100,-5.67,132.75,82.52,13.2
Hearst,48,CA,1545509623,60,49.69,-83.67,4.54,5.14
Muhos,0,FI,1545508200,84,64.81,26.0,-2.21,4.7
Leningradskiy,12,RU,1545509623,100,69.38,178.42,-16.84,14.2
Acari,76,BR,1545509623,46,-6.44,-36.64,84.19,10.51
Cururupu,48,BR,1545509623,77,-1.82,-44.87,81.62,7.27
Vigrestad,75,NO,1545508200,80,58.57,5.7,35.6,5.82
Dolzhanskaya,92,RU,1545509624,86,46.63,37.8,35.68,13.76
Meulaboh,24,ID,1545509624,100,4.14,96.13,78.97,4.36
El Fuerte,88,MX,1545509624,35,26.42,-108.62,78.25,2.35
Jizan,20,SA,1545505200,69,16.89,42.56,82.4,4.7
Okha,36,RU,1545509624,92,53.59,142.95,10.79,8.16
Mecca,0,SA,1545509374,82,21.43,39.83,61.64,2.91
Bollnas,76,SE,1545509624,83,61.35,16.39,18.44,4.7
Westport,75,IE,1545505200,100,53.8,-9.52,42.8,5.82
Cortez,1,US,1545508380,34,37.35,-108.58,44.06,18.34
Khomutovka,88,RU,1545509685,93,51.92,34.56,29.2,15.55
Kuytun,68,RU,1545509685,73,54.34,101.51,7.24,2.68
Kalmunai,88,LK,1545509686,100,7.42,81.82,74.02,2.68
Srednekolymsk,32,RU,1545509686,59,67.46,153.71,-33.04,2.91
Viedma,12,AR,1545509686,29,-40.81,-62.99,91.12,5.26
Parabel,12,RU,1545509686,69,58.71,81.5,-9.37,8.39
Shenjiamen,88,CN,1545509512,100,29.96,122.3,55.16,21.7
Brae,64,GB,1545508200,100,60.4,-1.35,41.0,1.12
Bridgetown,75,CA,1545505200,87,44.84,-65.29,59.0,10.29
Klyuchi,44,RU,1545509686,59,52.25,79.17,-6.67,7.16
Saldanha,24,PT,1545509687,88,41.42,-6.55,37.3,2.68
Lata,0,IN,1545509687,50,30.78,78.62,25.87,2.46
George Town,75,MY,1545507000,88,5.42,100.33,78.8,4.7
San Quintin,80,PH,1545509687,88,17.54,120.52,70.33,3.69
Svetlaya,76,RU,1545509687,100,46.54,138.33,28.7,14.2
Toktogul,36,KG,1545509688,78,41.87,72.95,3.32,2.01
Loralai,0,PK,1545509688,61,30.37,68.6,17.05,0.34
Touros,40,BR,1545508800,74,-5.2,-35.46,82.4,14.99
Rio Grande,75,BR,1545505200,62,-32.03,-52.1,84.2,10.29
Kibaya,75,RW,1545508800,88,-2.2,30.56,66.2,3.36
Dedza,92,MW,1545509770,99,-14.38,34.33,64.3,2.91
San Isidro,92,PH,1545509690,99,16.74,121.63,70.69,2.46
Trincomalee,64,LK,1545509690,98,8.58,81.23,74.83,5.14
Urengoy,0,RU,1545509690,0,65.96,78.37,-41.59,3.13
Madison,90,US,1545508500,74,43.07,-89.38,32.0,4.7
Saint-Etienne,90,FR,1545507000,93,43.82,2.74,55.4,9.17
Vestmannaeyjar,12,IS,1545509505,97,63.44,-20.27,33.79,6.6
Freehold,90,US,1545508800,58,40.26,-74.27,46.94,19.46
Beian,75,NO,1545508200,68,63.66,9.57,30.2,8.05
Khuzhir,44,RU,1545509692,100,53.19,107.35,11.29,7.94
Alyangula,12,AU,1545505200,83,-13.85,136.42,84.2,5.82
Pacific Grove,1,US,1545508500,69,36.62,-121.92,60.08,5.82
Baisha,44,CN,1545509692,98,19.23,109.45,64.16,2.35
Xingcheng,8,CN,1545509692,43,40.62,120.71,21.1,14.2
Butajira,8,ET,1545509692,91,8.12,38.38,41.39,2.57
Faya,0,SA,1545505200,93,18.39,42.45,59.0,5.82
Manacapuru,75,BR,1545508800,78,-3.3,-60.62,80.6,3.36
Talcher,0,IN,1545509693,84,20.95,85.21,48.19,2.68
Faanui,44,PF,1545509693,98,-16.48,-151.75,84.28,19.01
Asyut,0,EG,1545505200,62,27.18,31.19,57.2,17.22
Clyde River,20,CA,1545505200,75,70.47,-68.59,-18.41,13.87
Mahebourg,75,MU,1545508800,83,-20.41,57.7,78.8,17.22
Chara,40,GR,1545504600,100,39.42,22.43,44.6,2.91
Katangli,20,RU,1545509694,100,51.71,143.23,10.3,5.26
Smirnykh,68,RU,1545509694,74,49.74,142.83,-3.43,1.9
Henties Bay,8,NA,1545509695,95,-22.12,14.28,62.5,4.47
Fairbanks,75,US,1545508560,74,64.84,-147.72,-5.81,2.8
Souillac,90,FR,1545507000,100,45.6,-0.6,55.4,2.24
Farafangana,92,MG,1545509695,100,-22.82,47.83,77.35,15.77
Ixtapa,5,MX,1545508020,42,20.71,-105.21,80.6,6.93
Avarua,75,CK,1545508800,74,-21.21,-159.78,84.2,6.93
Namibe,24,AO,1545509696,100,-15.19,12.15,72.04,4.14
Port-Cartier,90,CA,1545506340,93,50.03,-66.88,41.0,3.36
Guerrero Negro,0,MX,1545509696,56,27.97,-114.04,73.61,6.49
Husavik,92,CA,1545509696,95,50.56,-96.99,20.69,6.6
Kavaratti,0,IN,1545509696,100,10.57,72.64,82.75,5.14
Palmer,0,AU,1545507000,87,-34.85,139.16,50.0,3.69
Ljubinje,75,BA,1545507000,81,42.95,18.09,51.8,9.17
Nanortalik,88,GL,1545509757,93,60.14,-45.24,31.94,4.14
Jiangyan,92,CN,1545509757,98,32.51,120.12,45.35,11.63
Nantucket,90,US,1545508740,83,41.28,-70.1,48.02,11.41
Coihaique,75,CL,1545508800,44,-45.58,-72.07,62.6,6.93
Yining,64,CN,1545509757,100,29.04,114.56,44.77,2.46
Cibitoke,92,BI,1545509757,100,-2.89,29.12,59.89,0.34
Abu Dhabi,40,AE,1545508800,56,24.47,54.37,69.8,13.87
Mundo Nuevo,40,CL,1545508800,72,-32.72,-71.41,66.2,8.05
Ribeira Grande,90,PT,1545507000,93,38.52,-28.7,57.2,5.82
Biak,48,ID,1545509758,100,-0.91,122.88,74.2,3.24
Nara,75,JP,1545508800,100,34.68,135.8,51.8,3.36
Kulevcha,80,UA,1545509758,100,46.03,29.93,36.67,10.96
Champerico,5,MX,1545507780,36,16.38,-93.6,78.8,8.05
Bereda,0,ES,1545507000,87,43.27,-7.54,55.4,5.82
Bilibino,32,RU,1545509759,0,68.06,166.44,-41.37,2.24
Loandjili,40,CG,1545505200,88,-4.77,11.87,80.6,8.05
Plouzane,90,FR,1545507000,100,48.38,-4.62,51.8,9.17
Bafia,0,CM,1545509759,57,4.74,11.22,71.45,3.24
Dergachi,88,RU,1545509759,88,51.24,48.77,10.25,9.73
Poum,76,MK,1545509759,100,41.28,20.71,30.19,1.9
Souris,90,CA,1545508080,100,46.36,-62.25,48.2,14.99
Cockburn Town,20,TC,1545509759,100,21.46,-71.14,80.5,6.93
Mbengwi,0,CM,1545509760,66,6.0,10.01,55.84,2.57
Sabang,92,PH,1545509760,100,13.72,123.58,75.59,11.74
Chulman,56,RU,1545509760,53,56.84,124.9,-12.34,8.05
Crotone,90,IT,1545504900,100,39.09,17.12,33.8,6.93
Goderich,64,CA,1545509760,83,43.74,-81.71,30.55,14.76
Portland,90,US,1545508380,67,45.52,-122.67,44.06,20.8
Yunhe,92,CN,1545509761,99,28.12,119.57,54.22,2.13
Bathsheba,40,BB,1545508800,65,13.22,-59.52,82.4,18.34
Deputatskiy,20,RU,1545509761,0,69.3,139.9,-41.14,2.91
Cayenne,88,GF,1545508800,88,4.94,-52.33,78.8,8.05
Itarema,56,BR,1545509762,72,-2.92,-39.92,82.7,11.97
Khandbari,0,NP,1545509762,31,27.38,87.21,16.87,1.34
Cangzhou,64,CN,1545509762,56,38.3,116.85,24.79,15.77
Holme,75,GB,1545508200,81,53.7,-2.31,46.4,5.82
Ipueiras,80,BR,1545509762,34,-6.66,-37.55,87.88,5.03
Iqaluit,90,CA,1545507000,70,63.75,-68.52,-5.81,31.09
Leh,12,IN,1545509763,0,34.16,77.58,-43.3,1.57
Cartagena del Chaira,36,CO,1545509763,62,1.33,-74.84,84.77,2.8
Marawi,80,PH,1545509763,100,8.0,124.29,68.08,1.68
Danville,1,US,1545510000,43,36.59,-79.4,53.06,11.41
Virginia Beach,20,US,1545508560,45,36.85,-75.98,56.12,10.29
Healdsburg,1,US,1545508500,81,38.61,-122.87,51.8,5.48
Santa Vitoria do Palmar,88,BR,1545509764,97,-33.52,-53.37,68.8,10.74
Hualmay,32,PE,1545509764,67,-11.1,-77.61,75.82,6.04
Palana,24,RU,1545509764,80,59.08,159.95,5.75,2.13
Hamilton,90,CA,1545507060,80,43.26,-79.87,33.8,19.46
Paidha,12,UG,1545509765,76,2.42,30.99,66.86,2.91
Sonari,0,IN,1545509765,87,27.03,95.02,51.2,1.01
Gurmatkal,8,IN,1545509765,77,16.87,77.4,71.59,8.16
Necochea,0,AR,1545509765,68,-38.55,-58.74,78.52,4.92
Adwa,0,ET,1545509766,84,14.16,38.9,42.7,2.68
Jambi,80,ID,1545509766,98,-1.6,103.62,74.69,2.91
Ust-Kuyga,24,RU,1545509766,0,70.0,135.55,-43.12,3.13
Severo-Kurilsk,0,RU,1545509766,100,50.68,156.12,23.35,4.36
Ambon,90,FR,1545507000,100,47.55,-2.56,53.6,4.7
Altay,0,CN,1545509848,40,47.83,88.13,-29.98,2.01
Puerto Escondido,20,MX,1545507660,69,15.86,-97.07,82.4,11.41
Kogon,90,UZ,1545508800,100,39.73,64.54,30.2,4.7
Cap Malheureux,75,MU,1545508800,83,-19.98,57.61,78.8,17.22
Kavieng,92,PG,1545509827,100,-2.57,150.8,81.94,4.14
Katobu,76,ID,1545509827,93,-4.94,122.53,83.02,10.96
Half Moon Bay,1,US,1545508800,38,37.46,-122.43,59.0,8.05
Manado,40,ID,1545508800,100,1.49,124.85,75.2,2.24
Sao Felix do Xingu,0,BR,1545509828,88,-6.64,-51.99,76.85,2.46
Ewa Beach,1,US,1545508620,64,21.32,-158.01,80.06,6.93
Kalamazoo,90,US,1545508560,74,42.29,-85.59,33.08,5.82
College,75,US,1545508560,74,64.86,-147.8,-5.81,2.8
Ferme-Neuve,88,CA,1545509828,69,46.7,-75.45,24.88,11.3
Mayo,5,CA,1545505200,67,63.59,-135.9,-23.81,3.36
La Paz,75,MX,1545507600,26,24.15,-110.32,82.4,3.91
San Patricio,44,PY,1545509829,87,-26.98,-56.83,78.7,3.69
Muisne,40,EC,1545508800,83,0.61,-80.02,82.4,4.7
Amahai,76,ID,1545509829,100,-3.31,129.0,77.8,5.03
Khatanga,48,RU,1545509829,81,71.98,102.47,-18.51,17.22
Shakawe,24,BW,1545509829,37,-18.36,21.84,80.0,7.05
Taoudenni,0,ML,1545509829,33,22.68,-3.98,59.3,12.19
Neuquen,0,AR,1545508800,10,-38.95,-68.06,93.2,6.93
Chuy,88,UY,1545509830,97,-33.69,-53.46,68.8,10.74
Umm Lajj,8,SA,1545509830,100,25.02,37.27,64.93,7.94
Broken Hill,0,AU,1545508800,41,-31.97,141.45,60.8,11.41
Anchorage,20,US,1545508560,99,61.22,-149.89,21.92,3.36
Lavrentiya,64,RU,1545509830,100,65.58,-170.99,6.2,14.2
Maues,48,BR,1545509830,87,-3.38,-57.72,81.44,3.36
Storforshei,0,NO,1545508200,78,66.4,14.52,8.6,1.12
Doha,1,QA,1545508560,53,25.29,51.53,66.2,14.99
Gao,0,ML,1545509831,40,16.28,-0.04,65.69,9.28
La Ronge,75,CA,1545505200,78,55.1,-105.3,10.4,13.87
Tbilisskaya,80,RU,1545509831,96,45.36,40.19,39.32,10.29
Waitati,0,NZ,1545509579,87,-45.75,170.57,51.11,3.91
Lishu,0,CN,1545509831,44,43.31,124.32,4.67,6.15
Bradford,40,GB,1545508200,93,53.79,-1.75,46.4,10.29
Tuatapere,0,NZ,1545509832,100,-46.13,167.69,52.91,4.14
Bandarbeyla,100,SO,1545509832,100,9.49,50.81,73.79,20.02
Pleshanovo,92,RU,1545508800,92,57.46,28.17,24.8,6.71
Hohhot,0,CN,1545508800,41,40.81,111.65,1.4,2.24
Les Cayes,36,HT,1545509832,95,18.19,-73.75,81.85,7.72
Esmeralda,8,CL,1545509832,57,-34.33,-70.9,75.37,2.68
Babu,80,CN,1545509832,91,23.23,104.89,50.75,2.68
Costinesti,0,RO,1545507000,80,43.95,28.63,39.2,14.99
Chunoyar,56,RU,1545509833,66,57.45,97.32,5.21,5.37
Flinders,90,AU,1545509220,93,-34.58,150.85,57.2,2.24
Kenai,1,US,1545508560,78,60.55,-151.26,28.94,18.34
Aktau,20,KZ,1545508800,85,43.65,51.16,15.8,11.18
Yoichi,36,JP,1545509833,100,43.19,140.77,26.27,4.03
Krasnohrad,92,UA,1545509833,97,49.38,35.45,34.64,10.74
Fez,0,MA,1545507000,76,34.03,-5.02,55.4,4.7
Dong Xoai,8,VN,1545509834,94,11.53,106.92,70.91,1.9
Grindavik,75,IS,1545508800,100,63.84,-22.43,35.6,2.24
Port Hawkesbury,90,CA,1545507060,100,45.62,-61.36,51.8,21.92
Margate,75,AU,1545508800,54,-43.03,147.26,59.0,9.17
Sao Gabriel da Cachoeira,40,BR,1545505200,70,-0.13,-67.09,84.2,3.36
Riyadh,0,SA,1545508800,54,24.63,46.72,53.6,3.36
Lieksa,76,FI,1545509834,73,63.32,30.02,5.8,4.36
Pokhara,0,NP,1545509708,66,28.21,83.99,30.64,2.13
Nambiyur,20,IN,1545508800,78,11.36,77.32,75.2,4.7
Lagos,0,NG,1545509779,81,6.46,3.39,79.78,8.16
Tara,75,JP,1545505200,93,33.0,130.15,53.6,2.24
Sola,90,FI,1545508200,84,62.78,29.36,8.6,4.7
Ostrovskoye,88,RU,1545509895,88,57.81,42.24,11.74,11.52
Teya,20,MX,1545508140,31,21.05,-89.07,78.8,4.7
Ayr,40,GB,1545508200,87,55.46,-4.63,46.4,9.17
Ouegoa,48,NC,1545509896,99,-20.34,164.44,77.17,2.8
Neka,0,IR,1545508800,93,36.65,53.3,46.4,2.46
Opuwo,36,NA,1545509896,94,-18.06,13.84,63.89,2.24
Rome,75,IT,1545508200,93,41.89,12.48,59.0,8.05
Tucuru,8,GT,1545509896,53,15.3,-90.07,71.0,2.57
Palang,88,ID,1545509896,97,-6.91,112.13,72.62,4.7
Zhezkazgan,0,KZ,1545509896,46,47.8,67.71,-15.94,3.91
Lebork,40,PL,1545508800,99,54.54,17.75,33.8,14.99
Coquimbo,20,CL,1545508800,64,-29.95,-71.34,68.0,12.75
Lagoa,0,PT,1545507000,71,37.14,-8.45,57.2,5.82
Karratha,0,AU,1545509897,57,-20.74,116.85,75.73,11.97
Comodoro Rivadavia,0,AR,1545508800,55,-45.87,-67.48,80.6,29.97
Kadoma,0,ZW,1545509897,56,-18.34,29.91,74.06,10.63
Hauterive,75,FR,1545507000,93,46.09,3.45,51.8,2.24
Muravlenko,0,RU,1545509898,66,63.79,74.5,-35.02,4.14
Liverpool,40,GB,1545508200,81,53.41,-2.98,46.4,6.93
Ruteng,32,ID,1545509898,99,-8.61,120.46,71.09,3.13
Juneau,90,US,1545508560,100,58.3,-134.42,33.98,2.68
Cidreira,20,BR,1545509899,79,-30.17,-50.22,78.52,7.16
Garoua Boulai,0,CM,1545509899,42,5.88,14.55,64.61,7.94
Kalemie,76,CD,1545509899,100,-5.95,29.2,72.62,3.47
Maningrida,0,AU,1545509899,89,-12.05,134.23,82.34,4.47
Kukuna,20,SL,1545509899,46,8.64,-12.57,81.17,4.81
Ambulu,92,ID,1545509899,100,-8.35,113.61,76.31,3.47
Nuuk,88,GL,1545508200,94,64.17,-51.74,33.8,42.5
Gwadar,0,PK,1545509900,99,25.12,62.33,63.62,2.35
Razole,12,IN,1545509900,100,16.48,81.84,76.72,14.65
Belluno,0,IT,1545508200,100,46.14,12.22,35.6,1.12
Zaragoza,0,ES,1545507000,71,41.65,-0.88,55.4,9.17
Irupi,12,BR,1545509900,92,-20.35,-41.64,73.25,2.01
Biltine,8,TD,1545509900,25,14.53,20.93,62.32,13.76
Paamiut,92,GL,1545509901,92,61.99,-49.67,33.7,35.34
Chifeng,0,CN,1545509901,22,42.27,118.96,6.92,10.18
Tricase,75,IT,1545504900,87,39.93,18.36,53.6,6.93
Kampot,20,KH,1545508800,94,10.62,104.18,77.0,1.12
Nisia Floresta,40,BR,1545508800,70,-6.09,-35.21,84.2,18.34
Nouadhibou,48,MR,1545505200,35,20.93,-17.03,73.4,10.29
Uspenka,88,UA,1545509901,94,48.39,39.16,29.38,8.72
Naliya,0,IN,1545509902,77,23.26,68.83,43.87,2.68
Ararat,0,AU,1545509902,84,-37.28,142.93,51.34,4.03
Sambava,100,MG,1545509902,100,-14.27,50.17,77.84,4.14
Vostok,88,RU,1545509902,83,46.45,135.83,18.67,5.03
Saint-Pierre,40,FR,1545507000,93,48.95,4.24,50.0,11.41
Vao,88,EE,1545509903,91,59.1,26.19,21.28,5.93
Salalah,0,OM,1545508200,40,17.01,54.1,71.6,3.36
Bilma,36,NE,1545509903,51,18.69,12.92,51.92,4.7
Aykhal,12,RU,1545509903,0,65.95,111.51,-50.46,2.68
Samarai,44,PG,1545509903,100,-10.62,150.67,82.3,3.36
Promyshlennyy,48,RU,1545509903,65,67.58,63.92,-14.41,13.53
Rawson,0,AR,1545509903,21,-43.3,-65.11,90.17,14.65
Golynki,92,RU,1545509904,91,54.87,31.38,29.6,17.45
Kruisfontein,64,ZA,1545509904,94,-34.0,24.73,66.28,7.38
Kahului,20,US,1545508560,56,20.89,-156.47,80.06,24.16
Thinadhoo,0,MV,1545509829,100,0.53,72.93,81.94,7.16
Kifri,0,IQ,1545509964,81,34.69,44.96,34.15,1.79
Kaeo,92,NZ,1545509964,96,-35.1,173.78,69.11,8.28
Teguldet,68,RU,1545509964,66,57.31,88.17,2.87,5.7
Gravdal,75,NO,1545508200,100,59.79,5.78,35.6,4.7
Camacha,20,PT,1545507000,77,33.08,-16.33,64.4,8.05
Misratah,0,LY,1545509965,100,32.38,15.09,56.24,9.73
Ginir,8,ET,1545509965,64,7.14,40.71,56.74,2.68
Worland,90,US,1545507300,40,44.02,-107.96,30.02,5.82
Daru,20,SL,1545509965,62,7.99,-10.85,77.12,3.69
Mahajanga,40,MG,1545508800,79,-15.72,46.32,84.2,6.93
Buchanan,20,LR,1545508800,88,5.88,-10.05,80.6,8.61
Sironj,0,IN,1545509966,77,24.1,77.69,43.87,3.69
Fare,12,PF,1545509966,95,-16.7,-151.02,84.5,17.78
Merauke,36,ID,1545509966,100,-8.49,140.4,75.41,9.06
Oranjemund,8,ZA,1545509966,94,-28.55,16.43,63.85,15.21
Prince Rupert,40,CA,1545505200,56,54.32,-130.32,41.0,9.17
Tecoanapa,5,MX,1545507780,62,16.99,-99.26,84.2,8.05
Agogo,24,GH,1545509966,70,6.8,-1.08,78.07,6.26
Kanigoro,80,ID,1545509966,100,-8.13,112.22,77.21,2.24
Aleksandrovskoye,75,RU,1545508800,77,56.74,85.39,1.4,4.47
Bima,56,ID,1545509967,100,-8.45,118.73,74.74,2.91
Milkovo,90,BG,1545507000,78,41.53,24.68,41.0,4.7
Tautira,20,PF,1545508800,62,-17.73,-149.15,87.8,4.7
Poltavka,68,RU,1545509967,79,54.36,71.76,4.67,3.13
Sao Filipe,92,CV,1545509967,90,14.9,-24.5,76.09,10.85
Vidim,75,CZ,1545507000,87,50.47,14.53,44.6,13.87
Saint-Joseph,0,FR,1545507000,72,43.56,6.97,59.0,16.11
Ornskoldsvik,88,SE,1545508200,85,63.29,18.72,19.4,6.93
Labuhan,8,ID,1545509968,97,-2.54,115.51,71.77,2.24
Deloraine,56,CA,1545509968,92,49.18,-100.5,20.96,14.65
Eirunepe,56,BR,1545509969,82,-6.66,-69.87,78.11,3.69
Kenitra,0,MA,1545508800,93,34.26,-6.57,51.8,3.69
Barabai,12,ID,1545509969,97,-2.59,115.38,73.97,2.24
Carbonia,40,IT,1545508200,82,39.17,8.53,57.2,8.05
Cabra,0,ES,1545507000,81,37.47,-4.43,50.0,2.24
Vila Franca do Campo,75,PT,1545507000,93,37.72,-25.43,62.6,9.17
Okhotsk,88,RU,1545509969,100,59.36,143.24,4.04,5.82
The Valley,40,AI,1545508800,74,18.22,-63.06,82.4,13.87
Am Timan,12,TD,1545509970,36,11.04,20.28,64.48,6.26
Batagay,8,RU,1545509970,0,67.65,134.64,-54.51,2.68
Kieta,92,PG,1545509970,100,-6.22,155.63,75.95,4.92
Sao Joao da Barra,0,BR,1545505200,55,-21.64,-41.05,87.8,18.34
Juventino Rosas,5,MX,1545508080,11,20.64,-101.0,71.6,5.82
Barcelona,0,ES,1545507000,71,41.38,2.18,55.4,8.05
Kamina,92,CD,1545509971,97,-8.74,25.0,66.55,4.7
Santa Ana,0,SV,1545508200,32,13.99,-89.56,82.4,4.7
Victoria,75,BN,1545508800,94,5.28,115.24,77.0,3.13
Socorro,100,PH,1545509971,100,13.06,121.41,71.0,4.36
Gizo,20,IL,1545508200,76,31.8,34.94,59.0,3.36
Eureka,1,US,1545508500,100,40.8,-124.16,46.04,6.93
Alamos,80,AR,1545509972,24,-36.9,-62.36,89.95,8.16
Northam,20,GB,1545508200,87,51.04,-4.21,48.2,8.05
Port Lincoln,0,AU,1545509972,98,-34.72,135.86,59.84,8.39
Lubango,44,AO,1545509972,83,-14.92,13.49,67.31,1.23
North Platte,90,US,1545504780,64,41.12,-100.77,37.94,12.75
Pangody,0,RU,1545509973,78,65.85,74.49,-37.86,4.7
Serebryansk,12,KZ,1545509973,47,49.68,83.3,-17.65,2.01
Griffith,0,AU,1545508800,58,-34.29,146.06,62.6,8.05
Ugoofaaru,36,MV,1545509973,100,5.67,73.0,82.34,6.71
Leshukonskoye,44,RU,1545510033,72,64.9,45.76,1.12,4.59
Caravelas,0,BR,1545510033,100,-17.73,-39.27,80.59,22.7
Sept-Iles,90,CA,1545506340,93,50.2,-66.38,41.0,3.36
Verkhnevilyuysk,32,RU,1545510034,35,63.45,120.31,-23.46,6.71
Tongzhou,88,CN,1545510034,100,32.07,121.07,49.31,19.01
Qasigiannguit,90,GL,1545508200,92,68.82,-51.19,21.2,3.36
Yar-Sale,0,RU,1545510034,52,66.83,70.83,-30.52,12.75
Lebanon,90,US,1545509700,71,43.64,-72.25,41.0,14.99
Bagdarin,8,RU,1545510034,53,54.44,113.59,-21.21,2.57
Mumbwa,20,ZM,1545510035,92,-14.99,27.06,66.19,7.94
Isangel,32,VU,1545510035,100,-19.55,169.27,79.01,9.84
Monte Aprazivel,40,BR,1545505200,34,-20.77,-49.71,93.2,8.05
Boulder City,1,US,1545508560,29,35.98,-114.83,60.8,3.36
Sinnamary,92,GF,1545510035,94,5.38,-52.96,79.82,11.3
Havoysund,56,NO,1545508200,92,71.0,24.66,30.2,18.34
Ulladulla,90,AU,1545509220,93,-35.36,150.48,57.2,2.24
Dongli,75,CN,1545508800,88,24.18,117.61,68.0,2.24
Bonavista,88,CA,1545510036,90,48.65,-53.11,36.49,23.04
Pachino,0,IT,1545504600,100,36.72,15.09,44.6,2.24
Alenquer,20,BR,1545508800,88,-1.95,-54.74,80.6,6.93
Araouane,0,ML,1545510036,27,18.9,-3.53,60.2,11.3
Vardo,90,US,1545508500,59,39.62,-77.74,46.4,10.29
Monrovia,20,LR,1545508800,88,6.33,-10.8,80.6,7.27
Adre,0,TD,1545510037,22,13.47,22.2,62.45,12.97
Rorvik,0,NO,1545509811,100,64.86,11.24,20.87,9.84
Genhe,0,CN,1545510037,64,50.78,121.52,-10.54,12.19
Manaus,75,BR,1545508800,78,-3.13,-59.98,80.6,3.36
Saint-Francois,75,FR,1545507000,93,46.42,3.91,51.8,2.24
Hami,0,CN,1545510037,47,42.84,93.51,-8.97,0.89
